payment_id,order_id,payment_status,amount_paid,payment_date
1,22,Failed,264.3,
2,31,Pending,41.8,2024-07-26
3,99,Failed,45.24,2023-12-08
4,84,paid,53.15,2023-12-03
5,96,Failed,189.4,2025-10-08
6,53,paid,95.0,2025-06-03
7,12,Success,103.48,2024-06-06
8,84,paid,53.15,2023-12-05
9,38,succss,136.35,2024-03-03
10,42,Failed,67.55,2024-03-25
11,46,succss,174.2,2025-08-11
12,54,Failed,179.34,2024-12-20
13,74,Failed,96.21,
14,77,Pending,40.15,2024-04-23
15,28,fail,309.68,2024-12-09
16,55,paid,120.9,2024-12-05
17,58,succss,-243.6,2025-05-24
18,63,Failed,253.8,2025-11-02
19,1,succss,168.38,2024-09-09
20,98,paid,55.02,2025-04-03
21,64,Failed,28.2,2024-05-18
22,53,Success,-95.0,2025-05-31
23,72,paid,35.65,2024-04-21
24,53,fail,95.0,2025-06-01
25,84,fail,53.15,2023-12-07
26,46,Failed,174.2,2025-08-11
27,60,succss,99.08,2025-10-09
28,97,paid,36.29,2024-12-23
29,32,succss,278.35,2025-09-02
30,74,Success,-96.21,2024-09-28
31,94,fail,44.85,2024-04-24
32,31,Success,41.8,2024-07-29
33,9,Failed,167.84,2024-05-05
34,100,Pending,23.86,2025-04-21
35,60,Pending,-99.08,2025-10-09
36,13,Success,434.5,2024-11-18
37,14,paid,193.46,2024-04-23
38,73,Pending,130.56,2025-03-17
39,4,Failed,436.4,2025-06-23
40,97,Success,36.29,2024-12-24
41,26,paid,126.84,2024-03-31
42,31,Failed,41.8,2024-07-29
43,72,fail,35.65,2024-04-21
44,41,fail,188.84,2025-02-24
45,67,paid,83.94,2024-02-10
46,53,Success,95.0,2025-06-01
47,81,Success,65.89,2024-05-02
48,59,succss,-28.22,2024-07-13
49,47,paid,460.55,2025-01-27
50,78,Pending,33.11,2024-01-15
51,69,Failed,199.89,2024-02-27
52,64,paid,-28.2,2024-05-17
53,63,paid,253.8,2025-11-05
54,50,paid,185.64,2025-05-29
55,4,paid,436.4,2025-06-24
56,27,Success,434.7,2025-05-07
57,97,succss,36.29,2024-12-24
58,18,paid,86.44,2024-07-14
59,27,Success,434.7,2025-05-10
60,86,Failed,13.31,2024-04-25
61,65,Pending,141.24,2024-08-11
62,41,paid,188.84,2025-02-25
63,12,paid,103.48,2024-06-08
64,65,paid,141.24,2024-08-10
65,97,Pending,36.29,2024-12-24
66,67,Success,83.94,2024-02-13
67,34,fail,232.77,2024-12-21
68,6,paid,-23.91,2024-11-17
69,78,Success,33.11,
70,55,paid,120.9,2024-12-05
71,70,fail,371.35,2024-04-09
72,83,Pending,294.54,2024-07-05
73,1,Success,-168.38,2024-09-11
74,61,Pending,40.92,2025-04-30
75,94,Failed,44.85,2024-04-26
76,79,Failed,168.56,2025-01-01
77,56,Pending,-392.88,2025-02-06
78,45,fail,52.08,2025-06-09
79,13,paid,434.5,2024-11-16
80,77,Success,40.15,2024-04-22
81,16,paid,60.15,2024-01-27
82,79,Failed,168.56,2024-12-31
83,100,succss,23.86,2025-04-21
84,82,Success,11.0,2024-01-03
85,46,Success,174.2,2025-08-16
86,28,succss,309.68,2024-12-08
87,88,Pending,105.05,2025-07-19
88,19,Success,-81.84,2024-02-23
89,70,paid,371.35,2024-04-10
90,56,paid,-392.88,2025-02-05
91,92,fail,429.0,2025-07-02
92,12,Failed,103.48,
93,43,fail,7.15,2025-08-11
94,43,Failed,7.15,2025-08-14
95,14,Pending,193.46,2024-04-24
96,69,Pending,199.89,2024-02-24
97,94,paid,44.85,2024-04-24
98,13,Pending,434.5,2024-11-16
99,18,paid,86.44,2024-07-09
100,19,Success,-81.84,2024-02-24
48,59,succss,-28.22,2024-07-13
13,74,Failed,96.21,
46,53,Success,95.0,2025-06-01
91,92,fail,429.0,2025-07-02
19,1,succss,168.38,2024-09-09
